title,description,cluster,combined_score,skill_votes,skill_coverage
Lecturer (NUS College),"Interested applicants are invited to apply directly at the NUSCareer Portal Your application will be processed only if you applyvia NUSCareer Portal We regret that only shortlisted candidates will be notified. Job Description NUS College is the honours college of the National University of Singapore. Our focus is a rigorous and stimulating interdisciplinary education designed to help students cultivate the necessary skills to work effectively across boundaries, We plan to hire a dedicated individual  to fill a Lecturer’s position.  This is a full-time position that includes opportunities for pedagogical research funding and for promotion to an Associate Professor on the NUS Educator Track. The primary responsibility is to offer our mandatory courses, to which you will be expected to bring your own academic and intellectual expertise. Duties & Responsibilities For a start, you will be expected to offer the following, Computational Problem Solving (NPS2001) The CPS is a common curricular course designed to introduce NUS College students to the fundamental concepts, computational tools and techniques necessary to solve complex problems. The focus is on computer science and information technology, but course objectives are more general in nature, with the goal of developing essential skills for approaching and understanding new technology to critically assess potential benefits and risks. By having a comprehensive understanding of the potential of new technologies, students will be able to formulate a problem, outline potential technological solutions and set up a team to implement the solutions that can help achieve project goals. Impact Experience Project (NEP3001) The Impact Experience (IEx) is a eight-unit capstone course that all NUS College students will have to undertake for two years. Students will work in interdisciplinary teams to collaborate with non-profit partners and innovate future solutions for the benefit of communities and society in Southeast Asia, including Singapore. Each team of 6-7 students is supervised by a lecturer who specializes in the area they are working with. Students would choose to work with lecturers clustered into three broad areas: Science and Technology, Arts and Design, Civic and Community. Applicants from any field representing the Computer Sciences are welcome to apply for this position. We are interested in candidates whose work is cross-disciplinary and can be applied to better understand and tackle social, environmental and technological problems in the Singaporean context. The selected candidate's primary responsibility will be to teach the CPS together with other course instructors to ensure that students have a common curricular experience while allowing for individual instructor creativity in their seminars. Applicants should demonstrate their ability to teach such a course by providing evidence of teaching interdisciplinary computing courses in the university. The other responsibility will be to supervise IEx student teams working on projects that involve computing for social good. Successful candidates are expected to offer 2-3 sections of Computational Problem Solving in the academic year, an elective of their own design, supervise 3-6 IEx teams, and take on a small supervision load of independent study modules. Qualifications Candidates must hold a PhD. Remuneration and benefits are highly competitive on the global research university level. Expatriate benefits may include travel assistance from overseas and limited housing benefits. Appointments begin at the level of Lecturer on the Educator Track. Although the NUS Educator Track is not a tenurable line, it offers a pathway to promotion to Associate Professorship on an open contract (and beyond), as well as opportunities for pedagogical research funding, including overseas research and conference travel. The contract is for three years in the first instance and is renewable subject to good performance. Interested applicants should prepare and submit the following documents when they apply: •    A cover letter, clearly specifying which position they are applying for. •    CV: An abridged CV (5-page maximum), including details on education, employment history, past experience of teaching and supervision, research activities (including publications) and achievements, honours and awards, and service accomplishments. •    Qualifications: Include scanned copies of academic degrees. •    Teaching Portfolio: o    A Teaching Statement that commences with a preface (maximum 300 words) that makes the case for  appointment. This should be a highly distilled summary of key contributions to student learning and, if applicable, educational leadership, guided by your teaching philosophy. The rest of the Statement, of not more than 2,000 words, should outline your teaching philosophy and your educational contribution across multiple dimensions and roles. Please include evidence on how you have impact students' learning  experience and outcomes as well as how you have influenced peers and the community. o    Teaching evaluations and peer review reports, if available. Other evidence of teaching excellence and/or other contributions to education, e.g., curriculum development, pedagogical innovation etc., should also be provided. •    A proposal, of not more than 500 words, describing a prospective syllabus for the target course. •    A statement, of not more than 500 words, highlighting how you plan to contribute to pedagogical innovation and/or advance interdisciplinary honours education at NUSC. •    FOUR referees' letters (one of whom must be the applicant's PhD supervisor). Interviews will normally be conducted online. Only shortlisted applicants will be notified. More information about NUSC and our curriculum can be found on our website: https://nuscollege.nus.edu.sg/ Additional information about Academic Appointments at NUS can be found here: https://www.nus.edu.sg/careers/",-1,0.3631994192130079,10,20.833333333333336
Research Assistant (12-Month Contract | SGD 3000 - SGD 3100) – JO 27772,"Key Highlights : Office Hours: Monday-Friday Nearest MRT: Caldecott Station Be a part of a data-driven team to support frontline programmes with visual insights. Key Responsibilities: Extract, locate and convert information from structured and unstructured sources (e.g., case notes, reports, session logs, genograms) into predefined structured data fields. Clean and process datasets for analysis using Excel and related tools. Produce visualisations (charts, tables) for operational reporting and stakeholder briefings. Contribute to data-driven process improvements and help identify opportunities to automate/manual workflow efficiencies. Maintain strict confidentiality and comply with data-protection practices when handling sensitive records. Provide general administrative support and ad-hoc data tasks as assigned by the team lead. Key Requirements: Holder (Bachelor’s Degree) Minimum 1 year relevant experience in data processing, data entry, analytics, or related administrative work. Advanced Excel skills (data cleaning, PivotTables, basic formulae). Experience with Power BI, Tableau, SQL, or Python is advantageous. Strong attention to detail, methodical approach, and ability to work with sensitive information. Good written and spoken English; clear communication and stakeholder engagement skills. Able to work independently and collaboratively in a team environment. Only shortlisted candidates are notified. Thank you. By submitting your resume or personal data, you consent to BGC Group Pte Ltd collecting, using, and disclosing your personal data to our clients and partners for the purpose of evaluating your suitability for job opportunities and related recruitment services. You acknowledge that you have read, understood, and agree to our Privacy Policy for Job Applicants, available at https://bgc-group.com/notice-for-job-applicants. BGC Group Pte Ltd (Outsourcing) EA 05C3053",-1,0.3623811503681887,11,22.916666666666664
Analyst (Talend Data Integration & Informatica BDM),"Job Summary We are seeking a Data Integration Analyst to generate and operationalize insights from diverse data sources, supporting key stakeholders through comprehensive data lifecycle management and data supply chains. You will extract, normalize, and transform data to deliver actionable business and performance insights via dashboard visualizations. Responsibilities Extract, normalize, and transform data from multiple sources to support business and performance insights Build and maintain complex SQL queries and data pipelines to ensure reliable data flow and accessibility Develop compelling and user-friendly data visualizations using commercial and/or open-source BI tools to communicate insights effectively Code in Python, R, or similar scripting languages to operationalize analytics workflows and automate data processes Collaborate with stakeholders to understand core business objectives and design end-to-end data-centric solutions that address their needs Apply critical thinking and analytical problem-solving skills to identify data issues and optimize data integration processes Maintain high attention to detail to ensure data accuracy and integrity throughout the data lifecycle Continuously develop expertise within your area of responsibility by staying current with emerging market offerings and technologies Required competencies and certifications Proficiency in SQL for building and maintaining complex queries and data pipelines Experience building data visualizations and analytics using commercial and/or open-source BI tools Coding capability in Python, R, or similar scripting languages to operationalize analytics workflows Minimum 1-2 years of experience in data analysis and visualization Preferred competencies and qualifications Undergraduate or graduate degree in Computer Science or equivalent Experience with Amazon Web Services, Cloudera, or other cloud services Data pipeline and/or database development experience Knowledge of statistical modeling, predictive analytics, or machine learning Certification in leading data analytics platforms such as Tableau, Qlik, MicroStrategy, Informatica, Talend, Microsoft SAS, or IBM Work Location Depot Road",-1,0.34817587313514176,11,22.916666666666664
Data Analyst - Talend Data Integration & Informatica BDM,"We are looking for a data analyst to generate and operationalize insights from numerous data sources in support of key stakeholders. You will perform a variety of duties around data lifecycle management and data supply chains, related to sourcing, analysing, and presenting data. As part of this, you will extract, normalise, and transform data for derivation of business and performance insights through dashboard visualizations. A successful Data Integration Analyst possesses strong analytical problem-solving skills, excellent attention to detail, and a
passion for all things data. Responsibilities: -       Ownership within area of responsibility and scope of services focused on outcomes to deliver high quality, dependable, cost effective solutions for our customers. Lead, make decisions, and take actions. -       Responsible for the currency of the documentation and automation in area of responsibility. -       Accountablefor adherence to standards, controls, processes and procedures in Security, Service Control & Service Management, with operational discipline and successful outcomes. -       Dive into company data to identify sources and features that will drive business objectives. -       Work with data engineering team to rationalize the data warehouse throughout the data lifecycle from source to analysis to modelling. -       Work closely with project manager and technical leads to provide regular status reporting and support them to refine issues/problem statements and propose/evaluate relevant analytics solutions -       Bring your experience and ideas to effective and innovative engineering, design and strategy -       Work in interdisciplinary teams that combine technical, business and data science competencies that deliver work in waterfall or agile software development lifecycle methodologies Requirements: Must-have: -       Prior experience building compelling and usable data visualizations and analytics with commercial and/or open source BI tools -       SQL proficiency necessary to build and maintain complex queries and data pipelines -       Python/R (or similar scripting language) coding capability to operationalize data analytics workflows & processes -       1-2 years of experience in data analysis and visualization -       Undergraduate or graduate degree in Computer science or equivalent -       Good communications skills to understand our customers' core business objectives and build end-to-end data centric solutions to address them -       Good critical thinking and problem-solving abilities -       Expected to grow your skills and capabilities by becoming a SME within area of responsibility and scope of services and staying current on the new and emerging market offerings/technologies. Nice to have: -       Experience with Amazon Web Services, Cloudera (or other cloud services) -       Data pipeline and/or database development experience -       Knowledge of statistical modelling, predictive analytics or machine learning -       Certification in leading data analytics platforms such as: - Tableau, Qlik, Microstrategy, Informatica, Talend, Microsoft, SAS, IBM Interested candidates may send their CV to MAC (Reg No. R1221300) at anc1@anchorsearchgroup.com quoting the job title in the Subject line. We regret that only shortlisted candidates will be notified.",-1,0.34404276238642617,11,22.916666666666664
AI/ML Engineer,"Responsibilities: Design and implement machine learning models for predictive analytics and decision support. Conduct data preprocessing, feature engineering, and model training at scale. Develop pipelines for continuous learning and model deployment. Collaborate with product and engineering teams to integrate AI solutions into applications. Monitor model performance, retrain, and optimize algorithms for accuracy and efficiency. Requirements: Strong background in machine learning, deep learning, and statistical modeling. Proficiency in ML frameworks (TensorFlow, PyTorch, Scikit-learn). Experience with large-scale data processing and distributed training. Solid understanding of algorithms, optimization, and applied mathematics. Ability to translate business problems into ML solutions with measurable impact.",-1,0.30160835939608277,5,10.416666666666668
Senior Data Analyst (Bank | Up to 9.5k),"The Opportunity Adecco is working with a leading bank to find a 12months contract Senior Data Analyst Department: COO/Data Hub Team: Data Science and Advanced Analytics Job Title: Senior Data Analyst Key Responsibilities: • Act as a strategic partner to business stakeholders, shaping problem statements, defining solution approaches, and ensuring alignment with enterprise‑wide data initiatives. • Lead end‑to‑end delivery of advanced analytics solutions, including data modelling, ETL/ELT workflows, feature engineering, and visualization. • Develop high‑impact dashboards, analytics applications, and self‑service tools, ensuring usability, scalability, and performance. • Conduct code reviews, enforce engineering standards, and oversee testing, documentation, and compliance with governance, risk, and security protocols. • Drive the adoption of best practices in analytics engineering, data quality automation, DevOps, and agile methodologies. • Collaborate with technology, architecture, and security teams to design solutions aligned with enterprise data strategy and technology standards. • Mentor junior analysts, provide technical guidance, and lead knowledge‑sharing initiatives. • Evaluate emerging tools, AI/ML capabilities, and data platforms to support continuous innovation. Requirements: • 5–7 years of experience in data analytics, data engineering, or analytics product development, with strong hands‑on experience in Python (pandas, numpy, modular structuring) and SQL. • Strong expertise in data modelling, analytical SQL patterns, performance tuning, and working with relational and cloud‑based data platforms. • Advanced proficiency in visualization tools (e.g., Tableau, Power BI) with a track record of building enterprise‑grade dashboards. • Experience designing scalable data pipelines, reusable analytics components, and production‑quality code. • Strong communication and stakeholder management capabilities, with experience influencing senior business leaders. • Proven ability to lead small teams or workstreams, manage delivery timelines, and ensure solution quality. Advantageous Skills: • Experience with system design, cloud‑native architecture, security controls, and infrastructure fundamentals. • Hands‑on exposure to CI/CD pipelines, Git workflows, and DevOps practices. • Understanding of ML/AI workflows and practical application in business contexts. • Experience in private banking or financial services, especially in analytics transformation. Next Step Send your resume to amos.tan@adecco.com All shortlisted candidates will be contacted",-1,0.31090533837266626,6,12.5
Data Analytics Specialist – 12 months contract,"Job Overview: We are seeking a skilled Data Analytics Specialist to support our program workstreams by transforming complex data into actionable insights. The ideal candidate will have strong expertise in data analysis, visualization, and reporting, with the ability to influence strategic decision-making and collaborate with stakeholders across all levels. Key Responsibilities: Data Analysis & Reporting: Track  key performance indicators (KPIs) and benchmarks across program workstreams. Perform in-depth data analysis to generate actionable insights, reports, and visualizations. Design and develop dashboards using tools such as Tableau, Power BI, and Excel to support data-driven decision-making. Ensure data quality and accuracy in all reporting; implement and maintain data validation processes. Establish and maintain reporting best practices and documentation. Propose and implement automation solutions where applicable. Provide training and guidance on dashboard and reporting usage. Stakeholder & Program Support: Collaborate with workstream leads and stakeholders to understand reporting requirements and metrics. Present insights and recommendations to stakeholders to support strategic decision-making. Act as a key point of contact for reporting-related queries within program workstreams. Qualifications & Experience: Bachelor’s degree in Data Analytics, Business Analytics, Statistics, or a related field. 2–4  years of hands-on experience in data analytics. Proven experience with visualization tools (Tableau, Power BI, Excel). Familiarity with statistical analysis techniques. Understanding of data quality frameworks. Experience  with KPIs and reporting in a corporate or program environment. 3–5 years of experience in program or project management is desirable. Strong analytical mindset with the ability to translate complex data into compelling insights. Excellent  communication and stakeholder management skills. Skills & Competencies: Advanced Excel and data visualization skills Analytical thinking and problem-solving Attention to detail and accuracy Ability to work independently and collaboratively Strong presentation and communication skills Salary : S$5,000.00 - $6,000.00 Location : West (Mapletree Business Park) (Nearest MRT Station : Labrador) Interested applicants, please submit your application to Teresa.chan@persolapac.com We regret to inform that only shortlisted candidates will be contacted. PERSOL Singapore Pte Ltd EA License No. 01C4394 I RCB No. 200007268E EA Reg. No. R1107631 By sending us your personal data and curriculum vitae (CV), you are deemed to consent to PERSOL Singapore Pte Ltd and its local and overseas subsidiaries and affiliates to collect, use and disclose your personal data to prospective employers/companies based in any country for purposes of evaluating suitability for employment, conducting reference checks, administering employment related services, complying with Government’s health advisories and such other purposes stated in our Privacy Policy. Our full Privacy Policy is available at https://www.persolsingapore.com/policies . If you wish to withdraw your consent, please drop us an email sg.dataprotection@persolapac.com to let us know. Please feel free to contact us if you have any queries",-1,0.34134460417384105,10,20.833333333333336
Principal Data Scientist (Aerospace),"Responsibilities: Lead and collaborate with data scientists and analysts to drive innovation, knowledge sharing, and continuous improvement. Design, develop, and deploy robust analytical and machine learning models using advanced statistical techniques. Partner with business and technical stakeholders to identify key challenges and translate them into data-driven solutions. Develop dashboards and data visualisations to effectively communicate insights to technical and non-technical audiences. Stay current with emerging data science trends, tools, and methodologies, applying relevant advancements where appropriate. Contribute to the establishment and enhancement of data governance, data quality, and analytics best practices. Requirements Master’s degree or PhD in Data Science, Statistics, Machine Learning, Computer Science, or a related quantitative discipline. Significant hands-on experience in data science or advanced analytics roles, preferably within complex engineering or operational environments. Strong proficiency in Python and/or SQL, with experience using machine learning libraries and frameworks. Demonstrated ability to manage multiple projects concurrently and deliver high-quality outcomes in a fast-paced setting. Strong analytical and problem-solving skills, with the ability to interpret and extract insights from complex datasets. Excellent communication and stakeholder engagement skills, with the ability to explain technical concepts clearly to non-technical audiences. Familiarity with enterprise systems (e.g. PLM, MES, MRO) and cloud platforms such as AWS will be advantageous. To submit your application, please apply online to apply@rn-care.com or call +(65) 6513 5697 for private and confidential discussion. Your interest will be treated with the strictest of confidence. We regret that only shortlisted candidates will be notified or contacted. RN Care Pte. Ltd EA License No: 17C8900",-1,0.40068417688934943,12,25.0
Data Scientist,"Data Scientist (Hong Kong) Our Client is a global quantitative and systematic
investment manager, operating in all liquid asset classes across the world. They
are a technology and data driven group implementing a scientific approach to
investing. Combining data, research, technology, and trading expertise has
shaped their collaborative mindset which enables them to solve the most complex
challenges. Their culture of innovation continuously drives their ambition to
deliver high quality returns for their investors. They are looking for an exceptional Data Scientist to join the
Data Search & Analytics team. In this role, you will work between the
Research and Trading desks, and the Engineering team to ensure the successful
leveraging of data at the firm. Your future role This team is integral to the firm’s success. As such, your
responsibilities will include: Collaborating
     with Quantitative Researchers and Traders to design datasets that drive
     systematic strategies and to inform discretionary trading decisions Prototyping
     and designing code to extract, clean, and aggregate data from a wide range
     of raw sources and formats Working
     with Engineers to automate and optimise your code, ensuring robust data
     extraction processes Managing
     the end-to-end process of onboarding new datasets Proactively
     solving data related problems to minimise time to production Innovating
     and experimenting with novel data extraction methods to enhance the firm’s
     data onboarding toolkit Your present skillset 3+
     years of experience as a Data Scientist (or similar position); experience
     in a buy-side quantitative finance role is advantageous Postgraduate
     degree in a quantitative discipline such as Mathematics, Physics or
     Engineering. Advanced
     programming experience in Python, including proficiency with data handling
     libraries such as Pandas and NumPy Demonstratable
     interest in financial markets and the application of data in its analysis
     and understanding Experience
     working with both traditional and alternative financial datasets Excellent
     communication skills, with the ability to effectively collaborate with all
     stakeholders, including researchers, traders, engineers, management, and
     external vendors Ability
     to work in a high-performance, high-velocity environment",-1,0.3967146082276764,12,25.0
INFORMATION TECHNOLOGY CONSULTANT,"Responsibilities · Design, build, and maintain efficient and scalable ETL (Extract, Transform, Load) data pipelines to support analytics and reporting use cases. · Develop and manage core data infrastructure including data lakes, data warehouses, and databases . · Integrate structured and unstructured data from various sources into unified datasets to support enterprise reporting, dashboards, and advanced analytics. · Optimize data workflows for performance, scalability, and reliability . · Collaborate with data analysts, data scientists, and business users to understand requirements and ensure data solutions meet their needs. · Monitor and troubleshoot pipeline failures and performance issues, ensuring timely resolution. · Document data flows, processes, and system configurations in accordance with governance standards. Skills/Requirement · Strong SQL skills and experience with relational databases (e.g., PostgreSQL, MySQL, SQL Server). · Experience with data pipeline tools and frameworks (e.g., Apache Airflow, DBT, Luigi). · Proficiency in programming languages such as Python, Java, or Scala. · Experience with big data technologies (e.g., Hadoop, Spark). Interested candidates, who wish to apply for the above position, please send in your resume to: ansari.abdulrahman@persolapac.com PERSOL Singapore Pte Ltd EA License No. 01C4394 EA Reg No: R23118975 (ABDUL RAHMAN ANSARI RAJA) We regret to inform you that only shortlisted candidates will be contacted. ********************************** This is in partnership with Employment and Employability Institute Pte Ltd (“e2i”). e2i is the empowering network for workers and employers seeking employment and employability solutions. e2i serves as a bridge between workers and employers, connecting with workers to offer job security through job-matching, career guidance and skills upgrading services, and partnering employers to address their manpower needs through recruitment, training, and job redesign solutions. e2i is a tripartite initiative of the National Trades Union Congress set up to support nation-wide manpower and skills upgrading initiatives. By applying for this role, you consent to e2i’s PDPA . By sending us your personal data and curriculum vitae (CV), you are deemed to consent to PERSOL Singapore Pte Ltd and its affiliates to collect, use and disclose your personal data for the purposes set out in the Privacy Policy available at https://www.persol.com.sg/policies . You acknowledge that you have read, understood, and agree with the Privacy Policy. **********************************",-1,0.3529553213602529,11,22.916666666666664
Data Analyst,"CCS is looking for a highly motivated Data Analyst. This role is
critical in transforming data into actionable insights that drive business
decisions. The successful candidate will be responsible for reporting, trend analysis, and collaborating with stakeholders to deliver data-driven solutions. Key Responsibilities Utilize Python for data processing, automation, and advanced analytics. Develop and maintain reports and dashboards using Power BI. Perform trend analysis and identify patterns to support strategic initiatives. Present findings and recommendations to management in a clear, concise, and impactful manner. Required Skills & Qualifications Strong proficiency in Python for data manipulation and analysis. Expertise in Power BI for visualization and reporting. Solid understanding of trend analysis, statistical methods, and data modeling. Excellent communication skills to convey complex data insights effectively.",-1,0.3776959968310536,12,25.0
Assistant Professor / Associate Professor in Dynamical Systems and Mathematics of Machine Learning,"School of Physical and Mathematical Sciences (SPMS) Nanyang Technological University, Singapore Assistant Professor / Associate Professor in Dynamical Systems and Mathematics of Machine Learning Young and research-intensive, Nanyang Technological University (NTU Singapore) is ranked among the world’s top universities. The College of Science seeks a diverse and inclusive workforce and is committed to equality of opportunity. We welcome applications from all and recruit on the basis of merit, regardless of age, race, gender, religion, marital status, family responsibilities, or disability. The School of Physical and Mathematical Sciences at NTU offers multidisciplinary academic programs that provide students with a wide-ranging and up-to-date education. They offer undergraduate training leading to BSc (Hons} and graduate training leading to MSc and PhD degrees. We invite applications for an Assistant Professor / Associate Professor position specialising in Dynamical Systems and Mathematics of Machine Learning . We are looking for world-class candidates with expertise in dynamical systems, numerical analysis, stochastic analysis, and with experience in applying these domains to recurrent neural networks, state-space systems, reservoir computing, learning of dynamic processes, and mathematical learning theory in general. The successful candidate will be expected to teach both undergraduate and postgraduate courses in pure and applied mathematics, conduct high-quality research in the areas of dynamical systems, random dynamical systems, state-space systems, and their applications to machine learning theory and time series forecasting, and promote interdisciplinary collaboration among the disciplines of mathematics, physics, computer science, and engineering that push the development of reliable dynamical machine learning methods for applications. Candidates with strong academic portfolios are encouraged to apply. The successful candidate should actively seek collaborations with research groups beyond his/her research field and leverage on the multidisciplinary ecosystem of NTU. The candidates are expected to: · Establish a world-class research programme. · Enhance the College’s visibility as an international leader in education and research. · Secure research funding from competitive grants and industry partnerships. · Mentor and supervise graduate students and postdoctoral researchers. · Collaborate with interdisciplinary teams within the university and with external partners. · Deliver engaging and effective teaching to both undergraduate and graduate students. · Undertake essential administrative responsibilities within the Schools. Requirements: · PhD in mathematics or a related subject. · Strong research record and relevant publications in reputable peer-reviewed international journals and conferences. · A good track record of supervising research staff, postdocs, students, and interns in relevant fields · Experienced in cross-disciplinary research initiatives and collaboration. · Demonstrated excellence in research, evidenced by a strong publication record in reputable journals · Recognition in the research community, such as invited talks, awards, or memberships in professional societies. · Proven ability to secure research funding. Application Procedure Required application documents: · Cover letter. · Curriculum Vitae, including a full publication list. · Statement of current and future research interest. · Teaching statement. · Names of at least three referees. Please click here to apply.",-1,0.3072955076426346,3,6.25
Data Engineer,"Our Company Gentco Logistics is a leading international liquid chemical logistics provider with three core business units: chemical tankers (5th largest fleet globally), chemical tank containers
(2nd largest fleet globally), and terminal storage tanks. Our global headquarters are in Shanghai, China, supported by a regional headquarters in Singapore and 40 operational offices across six continents. Gentco Logistics is wholly owned by the Junzheng Group (ticker 601216.SH). The Opportunity The Data Engineer position is a part of the Global IT Department, which is directly overseen by the Group’s CIO. Our team currently comprises over 40 IT, software, and data professionals primarily based in Shanghai, Moerdijk (the Netherlands), and Singapore. With our IT presence in Singapore rapidly expanding, we are excited to invite you to join our team! Job Responsibilities: ·       Assist the senior data engineer in the implementation and maintenance of critical pieces of our Databricks ELT pipelines and data warehouse using Azure Databricks (PySpark, Spark SQL) ·       Assist in the design and architecting of ELT pipelines, data schemas/models, and data marts for business users. ·     Participate in code reviews and contribute to CI/CD pipelines for automated testing and deployment of data solutions. ·       Occasionally assist data analysts in creating new semantic models and/or dashboards in PowreBI ·       Ensure the reliability and availability of core data infrastructure with proper monitoring
and alerting systems to guarantee continuous data delivery to the business. ·       Take ownership of data quality and governance. Collaborate with business and IT teams to
establish and meet data standards, including developing automated data checks and data quality monitoring dashboards. ·       Promote a culture of organizational learning by facilitating knowledge sharing and implementing best practices in documentation. ·       Stay updated with current industry best practices and trends, and evaluate technical decisions at a business level. Requirements: ·       Bachelor's or Master's degree in Computer Science or a related engineering field from a
technical university. ·       Experience in data engineering with working knowledge of Python and SQL. ·       Experience with Agile/DevOps tools (Git, Jira). ·       Deeply knowledgeable of data warehousing best practices, especially in the Azure cloud
environment, with a strong commitment to staying current with industry trends
and future advancements. ·       Highly motivated, with a proactive approach to project ownership and accountability
for outcomes and timelines. Committed to continuous personal growth and
development within the organization. ·   Fluency in both written and spoken English and Mandarin is highly desirable to effectively liaise with Chinese-speaking clients and counterparts, understanding their technical requirements. Desirable skills ·       Experience with public cloud infrastructure. (Azure preferred) ·       Exposure to Databricks, Snowflake, or similar big data processing platforms. ·       Background in logistics, shipping/maritime or chemicals industry. ·       Experience with Power BI or similar BI tools.",-1,0.30619157571957695,6,12.5
Junior Data Analyst (Databricks),"InfoCepts is a global leader of end-to-end data & analytics solutions with nearly 20 years of experience, also named as Gartner’s 2020, 2021 and 2022 customers’ choice for Data & Analytics providers. We continue to grow rapidly year over year, now employing more than 1,200 people in offices across the globe. As we have grown, we have stayed true to our mission—to always help our customers stay modern that help them make smart, data-driven decisions. Since 2004, we have deployed hundreds of high performance analytics applications over web and mobile platforms, built several advanced analytics models, processed petabytes of data using Big Data technologies and delivered several high impact business solutions. Driven by our vision of delivering great customer experiences, we are looking for professionals who are passionate about making the world a better place by leveraging the power of data. We are hiring aspiring / proven data analyst to join us. Roles and Responsibilities: Design, build, and maintain interactive dashboards and reports Develop and optimize SQL queries to extract, transform, and analyze data from various data sources Perform data analysis and automation using Python Collaborate with business stakeholders to gather, understand, and document reporting and analytics requirements Translate business requirements into technical specifications and BI solutions Ensure data accuracy, consistency, and performance across dashboards and reports Support data validation, testing, and ongoing enhancement of BI assets Provide insights and recommendations based on data analysis to support business objectives Maintain documentation for dashboards, data models, and reporting logic Skills Required: Bachelor’s degree in Computer Science, Engineering, or a related field (or equivalent work experience). Open to fresh graduates with relevant internship experience Experience in Databricks Experience in Tableau/PowerBi dashboard development Strong proficiency in SQL for data querying and analysis Working knowledge of Python for data analysis and automation Experience in requirements gathering and stakeholder engagement Ability to translate business questions into data-driven solutions Strong analytical and problem-solving skills",-1,0.38249960212256096,11,22.916666666666664
Senior Data Scientist,"Who We Are Boston Consulting Group partners with leaders in business and society to tackle their most important challenges and capture their greatest opportunities. BCG was the pioneer in business strategy when it was founded in 1963. Today, we help clients with total transformation-inspiring complex change, enabling organizations to grow, building competitive advantage, and driving bottom-line impact. To succeed, organizations must blend digital and human capabilities. Our diverse, global teams bring deep industry and functional expertise and a range of perspectives to spark change. BCG delivers solutions through leading-edge management consulting along with technology and design, corporate and digital ventures—and business purpose. We work in a uniquely collaborative model across the firm and throughout all levels of the client organization, generating results that allow our clients to thrive. We Are BCG X We’re a diverse team of more than 3,000 tech experts united by a drive to make a difference. Working across industries and disciplines, we combine our experience and expertise to tackle the biggest challenges faced by society today. We go beyond what was once thought possible, creating new and innovative solutions to the world’s most complex problems. Leveraging BCG’s global network and partnerships with leading organizations, BCG X provides a stable ecosystem for talent to build game-changing businesses, products, and services from the ground up, all while growing their career. Together, we strive to create solutions that will positively impact the lives of millions. What You'll Do Our BCG X teams own the full analytics value-chain end to end: framing new business challenges, designing innovative algorithms, implementing, and deploying scalable solutions, and enabling colleagues and clients to fully embrace AI. Our product offerings span from fully custom-builds to industry specific leading edge AI software solutions. As a Data Scientist, you'll be part of our rapidly growing team. You'll have the chance to apply data science methods and analytics to real-world business situations across a variety of industries to drive significant business impact. You'll have the chance to partner with clients in a variety of BCG regions and industries, and on key topics like climate change, enabling them to design, build, and deploy new and innovative solutions. Additional responsibilities will include developing and delivering thought leadership in scientific communities and papers as well as leading conferences on behalf of BCG X. Successful candidates are intellectually curious builders who are biased toward action, scrappy, and communicative. We are looking for talented individuals with a passion for data science, statistics, operations research and transforming organizations into AI led innovative companies. Successful candidates possess the following: Comfortable in a client-facing role with the ambition to lead teams Likes to distill complex results or processes into simple, clear visualizations Explain sophisticated data science concepts in an understandable manner Love building things and are comfortable working with modern development tools and writing code collaboratively (bonus points if you have a software development or DevOps experience) Significant experience applying advanced analytics to a variety of business situations and a proven ability to synthesize complex data Deep understanding of modern machine learning techniques and their mathematical underpinnings, and can translate this into business implications for our clients Have strong project management skills What You'll Bring Master’s Degree or PhD with significant relevant experience providing advanced analytics solutions. The degree should be in computer science, applied mathematics, statistics, machine learning, or a related data centric field. Demonstrated deep technical and data science expertise, acute strategic and analytical skills, ability to lead and persuade, drive and energy, and desire to work in a project-based environment on strategic issues. Comfortable in a client-facing role with the ambition to lead teams Likes to distill complex results or processes into simple, clear visualizations Explain sophisticated data science concepts in an understandable manner Strong record of professional accomplishment and leadership. Fluency in Python Additional info Ability to travel based on client and business needs.",-1,0.3344713871695012,9,18.75
Senior Quant Developer,"Role Overview – Quantitative Developer We are seeking a Quantitative Developer to contribute to the implementation of quantitative trading strategies. This includes research, code optimization, deployment, order execution, risk monitoring, and compliance. You will collaborate with the research team to build strategy research tools on our in-house backtesting platform and take ownership of live trading processes, enhancing reliability and production quality. Opportunities also exist to contribute to RL/optimization-related research infrastructure and core components of our distributed systems, data platforms, and trading infrastructure, directly impacting research and trading performance. Required Qualifications Bachelor’s or Master’s degree in Computer Science, Software Engineering, Mathematics, Physics, Statistics, or related STEM fields from a top-tier university. Strong programming skills in Python and C++ , with experience in Linux environments . Hands-on experience in developing and trading APAC market stock strategies . Familiarity with brokerage requirements and trading rules; experience in trading risk control and designing monitoring frameworks. Solid mathematical foundation, particularly in probability and statistics. Excellent communication, logical reasoning, and problem-solving skills. Comfortable working in English and Chinese . Preferred Qualifications Experience with US stock strategies or other assets such as options and ETFs. Exceptional performance in programming competitions (e.g., NOI, ICPC). Publications in leading CS or statistics journals/conferences. Recognized achievements in Kaggle or other machine learning competitions. Internship or professional experience at proprietary trading firms, hedge funds, or leading tech companies. Interested candidates kindly click the APPLY NOW button. By submitting your personal data and/or resume, you give consent to the collection, use and disclosure of your personal data and/or resume by the company (or its agent) for the purpose of the processing and administration by company relating to this job application. Only shortlisted candidates will be notified EnviroDynamics Solutions Pte Ltd I EA License No.: 12C6285 Ng Chin Shen I Reg. No: R25127347 Email CV to : jasonng@envirodynamics.com.sg",-1,0.33108871038763255,7,14.583333333333334
Senior Data Consultant,"Senior Data Consultant ABOUT US Syniti , part of Capgemini, tackles the hardest work in data for the world’s largest organizations. We combine intelligent software with deep data expertise to help the Fortune2000 tackle complex data challenges and drive measurable business outcomes with business-ready data. Syniti’s Data First strategy transforms data from an afterthought into a strategic asset—unlocking insights, reducing risk, and fueling growth. With over 5,000 successful projects, we support the full data lifecycle through a unified platform for migration, quality, replication, matching, master data management, analytics, governance, and strategy. Operating globally across industries, Syniti’s award-winning software, expert consultants give enterprises a unique edge in managing and maximizing their data. THE ROLE We are recruiting talented and motivated individuals to join our team delivering data projects for clients across the globe. As a Senior Data Consultant at Syniti, you will work closely with functional consultants and key customer resources, gathering requirements, building conversion objects, and driving independent value through all data project phases. You will comfortably use your data skills and the Syniti data management platform to assess and iterate through design, build and deployment, ensuring that the highest customer value is derived from your assigned objects. As a member of a Syniti Data Migration team, you will execute against the best practices for successful business transformation and become skilled in the strongest platform to meet all of our customer’s needs. WHAT YOU WILL DO After an initial training period, a Senior Consultant will be expected to: • Apply Syniti’s data migration methodology and development standards across projects. • Develop and maintain data migration rules, transformation logic, reports, and data load programs using Syniti tools. • Execute end-to-end data loads, reconciliations, and cutover activities for assigned functional areas. • Analyze and validate source and target data structures, supporting data cleansing and issue resolution with business data owners. • Contribute to data migration design through data analysis, reporting, and collaboration with Syniti and client teams. • Participate in Business Blueprint workshops and facilitate data mapping sessions. • Maintain clear documentation and communicate progress, risks, and status to Syniti leadership and customer PMO. • Act as a functional/technical SME, collaborating with other process teams to identify and resolve cross-team data issues. WHAT IT TAKES • Degree level qualification in Computer Science (or other technology-related field) • Experience in ETL / Data Migration • Functional and technical ERP/SAP experience • Project experience across multiple ERP implementations • Database experience - SQL Server, Oracle etc. • Customer-facing skills • Excellent written and verbal communication skills • Willingness to travel according to project requirements up to 100% • Syniti ADM experience would be an advantage Be fully aligned with our core values: Think Big - Be courageous and bold. Aspire to greatness. Relentlessly pursue market innovation. Set the standard by which others follow. Create solutions that have a meaningful impact. Solve the challenges our customers don’t know they have. Be Curious - Be a lifelong learner. Seek out new ideas to serve customers. Understand our competition and the world. Be permanently dissatisfied with the status quo. Challenge preconceptions. Focus on the future rather than yesterday. Take Action - Be the first. Don’t wait. Take accountability. Inspire others by doing. Fail fast and learn from mistakes. Make a difference every day. Stronger Together - Respect, trust and look out for each other. Celebrate diverse perspectives. Listen. Build connections and belonging. Act with integrity. Give back. One Syniti family. WHAT WE OFFER Trust that you are proficient at what you do. At Syniti, you will find a supportive environment and access to learning tools, but micromanagement is not our thing. Growth. We are growing rapidly and steadily solving the biggest challenges enterprise companies are faced with today. There was never a better time to join and grow with us. Most importantly, you will have the chance to shape our journey and share in our success story. Support. We all rely on each other and enable each other to be successful. You won’t stand alone. Curiosity and genuine interest in you. We all have our different stories, all equally fascinating, with each depicting a different journey, and we want to hear them all. Recognition. We are the sum of individual achievements, and we always take the time to celebrate them. An open organisation. Hierarchies are not our thing, and access is something we make sure of across the board. We are a family where everyone is just as important, everyone’s work is seen, and ideas are valued. OUR COMMITMENT TO INCLUSION At Syniti, we’re committed to creating a respectful, inclusive, and fair workplace where everyone belongs and thrives. We believe that diverse perspectives make us stronger — and we value the unique backgrounds, experiences, and voices each person brings to our team. We welcome applicants based on their skills and potential, and we’re dedicated to ensuring equal opportunities for all, regardless of personal background. If you need accommodations during the hiring process, please let us know — we’re here to support you.",-1,0.3381889378365732,10,20.833333333333336
Business Analytics and Data Specialist,"At #TeamCPF, you’re not just joining a team; you are embracing a culture of excellence, collaboration, and meaningful impact. You will play a pivotal role in empowering over 4 million members to secure their retirement, healthcare, housing needs and better navigate life’s uncertainties. We thrive on sharp minds and insightful decisions. Your ability to analyse and think critically isn't just valued; it's essential. Every choice you make contributes to our collective success. Collaboration is our way of life. We believe in the power of effective partnerships and seamless communications across teams. Together, we amplify each other’s strengths and achieve remarkable results. Our learning never stops. We encourage your inquisitiveness and courage to embrace new challenges head-on. Your agility, readiness to challenge conventions, embrace of data-driven strategies, dedication to learning and applying new skills fuels our innovation and progress. At the core of everything we do lies a genuine desire to make a difference. We serve our community and support each other with compassion, empathy, and unwavering dedications. Every action we take is guided by a deep sense of purpose and a commitment to those we serve. Join us at #TeamCPF! Together, let's redefine possibilities and leave a legacy that echoes for generations. What you will be working on As a Business Analytics and Data Specialist, you will be instrumental in transforming data into actionable insights that drive strategic decision-making and operational excellence across the Agency Services Group. You will analyse data trends to project future operational needs, detect shifts in citizen behaviour to anticipate policy implications, design automation workflows and explore emerging technologies to achieve cost, resource and manpower efficiency. In this role, you will: Analyse data and conduct research studies to support policy reviews and optimise business processes. Implement data initiatives and programmes across the Agency Services Group and build staff capabilities through training and knowledge transfer. Set up and maintain data marts with proper data governance framework and sharing guidelines. Explore and implement automation solutions to reduce manual effort and streamline work processes. Perform environmental scans to identify emerging technologies and automation opportunities to achieve greater operational efficiency. What we are looking for We value the diverse talents and experiences that each individual brings to the table. While mastery of every requirement may not be necessary, familiarity and expertise in some of the following areas will position you for success within this team. Relevant experience in business analytics, data analysis, or related fields with understanding of citizen disbursement schemes to support and drive business process optimisation and sustainability. Have experience in data analysis, critical thinking and problem-solving. Have experience in organisational and project management. Knowledge and prior experience with Databricks, Python, UiPath and/or other programming software is an added advantage. Keen interest in leveraging emerging technology to enhance data analytics capabilities. Communicates effectively, both in writing and speaking. Works independently and manages priorities effectively. Adaptable and resourceful in handling different tasks and challenges. The seniority of appointment and actual corporate job title will commensurate with individual work experiences. We welcome fresh graduates in any discipline and candidates without working experience to apply. To help us better understand your academic background, please provide an official or unofficial copy of your academic transcript, as well as any other relevant documents or certificates that you believe would support your application. Position is on 1-year full time contract directly under the payroll of CPF Board with potential for emplacement into permanent position. What you can expect Being part of #TeamCPF means embarking on a challenging and rewarding career in a progressive workplace that values productivity and growth. Here’s what awaits you: Opportunities to engage in a mix of formal and informal training, keeping your skills sharp in our ever-evolving technological landscape. Promotion opportunities based on your capability and on-the-job performance. A vibrant community of like-minded and friendly colleagues, where collaboration and creativity thrive. A hybrid work model that offers flexibility for remote work, subject to exigencies of service. Flexible dress code that empowers you to choose your appropriate outfit for the day. A comprehensive rewards package that includes annual leave, pro-family leave, medical and dental benefits, and access to recreational activities.",-1,0.3170667031255322,8,16.666666666666664
"AVP, Data Engineer, Data Strategy Group (16674)","GIC is one of the world’s largest sovereign wealth funds. With over 2,000 employees across 11 locations around the world, we invest in more than 40 countries globally across asset classes and businesses. Working at GIC gives you exposure to an extraordinary network of the world’s industry leaders. As a leading global long-term investor, we Work at the Point of Impact for Singapore’s financial future, and the communities we invest in worldwide. Data Strategy Group Data Strategy Group (DSG) harnesses and leverages on GIC’s most valuable asset – Data, to drive insights, results and solve real business challenges. We ingest, analyse, and combine data with context across all industries and asset classes to enable investment decisions and enhance investment process. Together, we strive to build a high-performance enterprise data infrastructure, create results-driven approach with data products and strive to be a data-driven organization. Data Engineering You will help to engineer outstanding data solutions to deliver data services at scale. Using modern and innovative data technologies, the team enables GIC colleagues to securely, and seamlessly access data. What impact can you make in this role? You will be empowered to be at the top of your game by providing technical contributions to achieve data-driven outcomes to power critical investment data & analytics in GIC’s vision of being a tech-driven, global, long-term investment firm. What will you do as a Data Engineer? Be part of an ambitious team that provides investment data services for enterprise activities. You can make a difference in our forward-looking journey to shape our world of investments. Work in engineering teams to build and support enterprise investment data & analytics systems consumed by investment professionals and platforms across the firm. Develop business solutions using your strong analytical skills, and contribute to the team in delivering technology value directly to the business. Perform regular peer code reviews and provide technical coaching to junior team members, and sharing to raise the quality bar for engineering talent. Be actively involved in software delivery for fast-moving agile projects with modern DevSecOps practices (e.g. Github, Jfrog, Jira) and data technologies (eg. Python, Snowflake/Databricks, DBT, Airflow). Push for greater automation and automated testing to improve productivity and reduce operational risks. Become an excellent team player with a collaborative mind-set, you will work directly with investment and technology professionals at different levels. What makes you a successful candidate? Join us if you have a passion for data and want to be part of a team in building and developing GIC’s data foundation and infrastructure. 4 or more years of relevant technology experience preferably in financial risk services or asset management industries, and experience in leading software development teams Good engineering experience & practices in the following:  SQL, and/or relational database – Postgres, Oracle, Snowflake Python/Pandas/DBT/PySpark Java / C# (.NET Core), and/or similar OOP frameworks Unix, Shell scripting (Optional) Docker / Kubernetes / Github workflow, and/or other devops capabilities  (Optional) AWS services such as Glue/Batch, S3, SQS, SNS, EKS (Optional) Federated query tools such as Denodo, Presto/Trino, Starburst Willingness to learn with attention to detail, demonstrating a strong passion in technology and/or finance Fair presentation skills, and communication skills across technical and non-technical audiences Good engagement with software engineers and guide hands-on development Ability to collaborate with cross-departmental business and technical partners to contribute in the delivery of business outcomes Bachelor’s or equivalent degree in Science, Technology, Engineering and Mathematics (STEM) related discipline is advantageous Work at the Point of Impact We need to be forward-looking to attract the right people to help us become the Leading Global Long-term Investor. Join our ambitious, agile, and diverse teams - be empowered to push boundaries and pursue innovative ideas, share your views, and be heard. Be anchored on our PRIME Values: Prudence, Respect, Integrity, Merit and Excellence, which guides us in how we make our day-to-day decisions. We strive to inspire. To make an impact. Flexibility at GIC At GIC, our offices are vibrant hubs for ideation, professional growth, and interpersonal connection.  At the same time, we believe that flexibility allows us to do our best work and be our best selves.  Thus, our teams come into the office four days per week to harness the benefits of in-person collaboration, but have the flexibility to choose which days they work from home and adjust this arrangement as situational needs arise. We are an equal opportunity employer GIC is an equal opportunity employer, and we value diversity. We do not discriminate based on race, religion, color, national origin, sex, gender, gender expression, sexual orientation, age, marital status, veteran status, or disability status. We will ensure that individuals with disabilities are provided reasonable accommodation to participate in the job application or interview process, to perform essential job functions, and to receive other benefits and privileges of employment.Please email grphrodtaops@gic.com.sg at any point of the application or interview process if adjustments need to be made due to a disability. Learn more about our Data Strategy Group Department here: https://gic.careers/group/data-strategy-group/ To be considered for the role, please submit a formal application through the GIC Careers site at: https://career10.successfactors.com/sfcareer/jobreqcareerpvt?jobId=16674&company=gicprivate&st=E6568EAC1CD834E43499FA6C00902B9CA7732AE3",-1,0.33739715103077994,9,18.75
Senior Data Scientist,"Synthesis x Senior Data Scientist At Synthesis, we push the boundaries of what’s possible with Open Data. It’s a fast-paced, rapidly-changing environment at the intersection of data science, cultural analysis & brand consultancy. We call this Open Source Intelligence for brands. As a Senior Data Scientist at Synthesis, you will play a key role in shaping our data science practice and driving innovation across both client projects and internal products. You will lead end-to-end data initiatives, delivering project work from shaping datasets and building models to designing scalable data workflows that power the insights and decision frameworks we deliver. You will work with diverse open data sources, ranging from search, social, and e-commerce, to academic papers and patents, to understand audience behaviour and anticipate how needs will evolve over time. In this role, you will not only contribute hands-on but also guide junior data scientists, act as a thought partner to cultural strategists, and help define the roadmap for our data products and infrastructure. We are a small, collaborative team with diverse backgrounds, spanning computer science and engineering, anthropology, and law. We value curiosity, creativity, and a spirit of experimentation. If you are excited about combining data and culture to solve real-world problems, we would love to hear from you! What you’ll need. 5+ years of experience in data science, with a strong record of delivering impactful projects from data exploration through to production deployment. Deep proficiency in Python and SQL, with strong software engineering fundamentals (clean, modular, well-documented code, testing, and version control with Git). Proven experience designing and building scalable data workflows or data-driven products, including architecting pipelines, modular components, and reusable frameworks. Experience applying large language models or advanced NLP techniques (e.g. embeddings, semantic parsing, topic modelling, text classification); familiarity with processing Asian languages is a plus. Strong grasp of statistical methods and core machine learning algorithms, with practical experience using libraries such as scikit-learn, statsmodels, and the ability to select appropriate models based on data characteristics and problem context. Comfortable working with large, messy, and unstructured datasets, particularly text and image-based data. Ability to translate complex technical insights into clear, actionable recommendations for non-technical stakeholders, and collaborate closely with strategists to drive business outcomes. A collaborative mindset, with openness to feedback and diverse perspectives. Bonus points if you have the following. Experience leading or mentoring junior data scientists, including setting technical direction and supporting professional growth. Experience building and maintaining production-grade data pipelines (e.g. Airflow, Dagster) or integrating data from APIs, web scraping, or third-party providers. Familiarity with cloud environments such as Google Cloud or AWS, and deploying data science workflows at scale Why Synthesis? Synthesis is known for delivering exceptional data models and products that uncover the stories of the people they represent and inspire our partners to act with confidence. Partnering with the world’s most successful brands in fashion, beauty, content, and travel, we’re building specialised solutions to solve problems of planning for the future. Rooted in culture, tested in data science, we spot and anticipate changes and connections in culture to inspire action and help brands grow with a new wave of audiences. After three years of iterative development and refinement, we are preparing to launch a series of products over the next 5 years. We will be at the forefront of a shift towards leveraging open data to develop rich, honest, human insight. In an industry that has, for too long, relied on a ‘question-response’ approach to understanding changes in behaviour, we prioritise layering behavioural, performative, search, and sales data to highlight discrepancies between what people say they do and what they actually do. We see a $40 billion industry that has failed to innovate for too long, and we are just getting started. About Synthesis We do Human Centred Data Science. It’s a way of reimaging open data sources from a human perspective. It prioritises behaviour and context to unravel why people do what they do, at scale.  By blending data science with human and market intelligence, we help our clients spot early signals of change and predict implications for business. Diverse by design. Synthesis is a team of digital researchers, gaming designers, data forecasters, network scientists, ethnographers, and engineers.  Cultural and category experts train our models – ensuring they detect measures that matter most – whilst data scientists uncover patterns the eye cannot see. Building bespoke, comprehensive datasets where none exist. We work with open data - search, ratings, social, and sales.  By layering many signals, we build robust and relevant data-driven stories around brands, businesses, and consumer behaviour. Asia first, global applied. Our products must work in Asia first - the hardest test markets.  We continue to make significant investments in language and capabilities across Asian-specific platforms.  Now applied in Europe, LatAm, and the USA.",-1,0.3639666520879433,11,22.916666666666664
Data Analyst,"We are seeking a Data Analyst with hands-on experience in Salesforce CRM (incl. Salesforce Object Query Language (SOQL) and custom/core object model) to drive end-to-end analytics and integrate AI capabilities across our beneficiary lifecycle. You will design data models and databases, map and connect datasets to build a 360° view of beneficiaries, provide insights, dashboard, drive automation and look into opportunity to integrate AI into the workflow. The ideal candidate blends data engineering, analytics, and applied AI with strong stakeholder management - able to tell the story behind the data and translate it into better decisions and outcomes for our beneficiaries. What You Will Work On Analytics & Insights Perform in-depth analyses on datasets to deeper understanding of beneficiaries, program outcomes, and patterns; identify gaps, cohorts, drivers, and opportunities. Connect dots across multiple datasets (internal & external) to illustrate the end-to-end beneficiary journey, from data acquisition, assessment, interventions, outcomes, and longitudinal impact. Translate findings into clear narratives, visualizations, and recommendations for leadership and operational teams. Automate recurring reporting and data preparation to gain efficiency and reduce manual effort. Prepare regular and ad‑hoc reports for internal stakeholders and management. Support Board & Exco: develop executive-ready packs with insights, visualizations, and commentary. Reporting, Dashboards & Data Literacy Partner with cross-functional departments to build, maintain, and govern dashboards (such as Salesforce dashboard, Power BI) for monitoring KPIs and business insights. Enable users with self-serve reporting and best practices for data visualization, champion data literacy and standards. Data Architecture and Integration Design, propose and maintain enterprise data warehouse models (including conformed dimensions and fact tables), data dictionaries, and metadata to enable cross-system analytics, reporting and AI use cases. Build and maintain data pipelines, data mapping, and entity resolution (unique IDs/master data) to unify identities across systems; implement data quality rules and monitoring. AI and intelligent Automation Work jointly with Digitalisation team to assess and realise AI use cases, supported by cost-benefit and value analysis, such as: Explore natural language query (NLQ) for staff (e.g., Copilot-style experiences) to let users ask data questions or build visualization in plain language and receive insights. Explore chatbot capabilities for beneficiaries (e.g., common queries, guided assistance, secure task execution)—with appropriate controls, consent, and escalation paths. Explore AI agent which can understand goals, gather right data, take actions and report back with human-in-the-loop approval in the workflow. Other use cases Requirements A degree in relevant field with at least 3 years of relevant experience in data analytics with hand-on experience in Salesforce CRM. Proficiency in SOQL, Salesforce object model, and Salesforce reporting/dashboards and familiarity with Salesforce data architecture. Experience with large datasets (extraction, cleaning, transform, analysis). Hands-on experience in database creation, data modelling, data mapping is advantageous Ability to translate complexity into insights for non-technical stakeholders. Salesforce certification is advantageous. Proficient with Power BI is an advantage. Good teamwork, cross-functional collaboration, stakeholder engagement and strategic thinking.",-1,0.3299516518271439,9,18.75
Data Engineer,"Bounteous is a premier end-to-end digital
transformation consultancy dedicated to partnering with ambitious brands to
create digital solutions for today’s complex challenges and tomorrow’s
opportunities. With uncompromising standards for technical and domain
expertise, we deliver innovative and strategic solutions in Strategy,
Analytics, Digital Engineering, Cloud, Data & AI, Experience Design, and
Marketing.` One of our
key Financial Services clients is looking for a Data Engineer for
a senior position based in Singapore. Job
Description We are seeking a skilled and motivated Data Engineer with
expertise in Hadoop, Spark, OpenShift Container Platform (OCP), and DevOps
practices. As a Data Engineer, you will be responsible for designing,
developing, and maintaining efficient data pipelines, processing large-scale
datasets. Your expertise in Hadoop, Spark, OCP, and DevOps will be crucial in
ensuring the availability, scalability, and reliability of our ML Solutions. The
primary application you will be working on is the Quantexa platform in the AML
domain. Responsibilities: ·       Implement data
transformation, aggregation, and enrichment processes to support various data
analytics and machine learning initiatives ·       Collaborate with
cross-functional teams to understand data requirements and translate them into
effective data engineering solutions ·       Ensure data quality and
integrity throughout the data processing lifecycle ·       Design and deploy data
engineering solutions on OpenShift Container Platform (OCP) using
containerization and orchestration techniques ·       Optimize data engineering
workflows for containerized deployment and efficient resource utilization ·       Collaborate with DevOps
teams to streamline deployment processes, implement CI/CD pipelines, and ensure
platform stability ·       Implement data governance
practices, data lineage, and metadata management to ensure data accuracy,
traceability, and compliance ·       Monitor and optimize data
pipeline performance, troubleshoot issues, and implement necessary enhancements ·       Implement monitoring and
logging mechanisms to ensure the health, availability, and performance of the
data infrastructure ·       Document data engineering
processes, workflows, and infrastructure configurations for knowledge sharing
and reference ·       Stay updated with emerging
technologies, industry trends, and best practices in data engineering and
DevOps ·       Provide technical
leadership, mentorship, and guidance to junior team members to foster a culture
of continuous learning and innovation to the continuous improvement of the
analytics capabilities within the bank Requirements: ·       Bachelor’s degree in
computer science, Information Technology, or a related field ·       At least 6 years of
experience as a Data Engineer, working with Hadoop, Spark, and data processing
technologies in large-scale environments ·       Strong expertise in
designing and developing data infrastructure using Hadoop, Spark, and related
tools (HDFS, Hive, Pig, etc) ·       Experience with
containerization platforms such as OpenShift Container Platform (OCP) and
container orchestration using Kubernetes ·       Proficiency in programming
languages commonly used in data engineering, such as Spark, Python, Scala, or
Java ·       Knowledge of DevOps
practices, CI/CD pipelines, and infrastructure automation tools (e.g., Docker,
Jenkins, Ansible, BitBucket) ·       Experience with jobs
schedulers like Control-m ·       Experience with Graphana,
Prometheus, Splunk will be an added benefit ·       Quantexa exposure and/or
certification a strong plus ·       Strong problem-solving and
troubleshooting skills with a proactive approach to resolving technical
challenges ·       Excellent collaboration and
communication skills to work effectively with cross-functional teams ·       Ability to manage multiple
priorities, meet deadlines, and deliver high-quality results in a fast-paced
environment ·       Experience with cloud
platforms (e.g., AWS, Azure, GCP) and their data services is a plus Key Technical Skills: ·      
Scala ·      
Python ·      
Spark ·      
Java ·      
SQL, ·      
Shell Script, Java ·      
Hadoop / Cloudera ·      
Elastic Search ·      
Read Heat OCP What's
on Offer Bounteous
brings together 5000+ employees spanning North America, APAC, and EMEA, and
partnerships with leading technology providers. Through advanced digital
engineering, technology solutions, and data-driven digital experiences, we
create exceptional and efficient business impact and help our clients win. Bounteous
is focused on promoting an inclusive environment and is proud to be an equal
opportunity employer. We celebrate the different viewpoints and experiences our
diverse group of team members bring to Bounteous. Bounteous does not
discriminate on the basis of race, religion, colour, gender identity,
sexual orientation, age, physical or mental disability, national origin, or any
other status protected under state, or local law.",-1,0.334951675186126,9,18.75
Data Engineer,"Deegit Asia Pte Ltd is looking for a highly motivated and detail-oriented Data Engineer with 6 to 7 years of experience to join our growing analytics team. The ideal candidate will have strong analytical skills, hands-on experience in Databricks, Pyspark, AWS and a passion for data-driven decision making. You will play a key role in designing data pipelines and data storage solutions, including databases, data lakes, and warehouses. Overview Use comprehensive modern data engineering techniques and methods with Advanced Analytics to support business decisions for clients. can collect, aggregate, and analyze structured/unstructured data from multiple internal and external sources and patterns, insights, and trends to decision-makers. Your goal is to support the use of data-driven insights to help our Clients achieve business outcomes and objectives. In this role, you will be responsible for extracting, analyzing, and interpreting large datasets to support strategic business decisions. Proficiency in Pyspark, Databricks and data analytics is essential, as you will work closely with stakeholders to design data transformations , and orchestrating pipelines · Work across workstreams to support data requirements including reports and dashboards · Analyze and perform data profiling to understand data patterns and discrepancies following Data Quality and Data Management processes · Understand and follow best practices to design and develop the E2E Data Pipeline: data transformation, ingestion, processing, and surfacing of data for large-scale applications · Develop data pipeline automation using Azure, AWS data platform and technologies stack, Databricks, Data Factory · Understand business requirements to translate them into technical requirements that the system analysts and other technical team members can drive into the project design and delivery · Analyze source data and perform data ingestion in both batch and real-time patterns via various methods; for example, file transfer, API, Data Streaming using Kafka and Spark Streaming · Analyze and understand data processing and standardization requirements, develop ETL using Spark processing to transform data · Understand data/reports and dashboards requirements, develop data export, data API, or data visualization using Power BI, Tableau, or other visualization tools Key Accountabilities · Work with large datasets · Use Pyspark for data wrangling, transformation, and statistical analysis. · Build reports, dashboards, and visualizations to present findings to stakeholders. · Collaborate with cross-functional teams including business, product, and engineering to support analytics needs. · Assist in developing data models and data pipelines as needed. · Ensure data accuracy and consistency through validation and quality checks. · Investigate and fix performance issues · Travel as needed. Key Role Capabilities Requirement · Bachelor’s degree in Computer Science, Computer Engineer, IT, or related fields · Minimum of 4 years’ experience in Data Engineering fields · Data Engineering skills: Python, SQL, Spark, Cloud Architect, Data & Solution Architect, API, Databricks, Azure, AWS · Data Visualization skills: Power BI (or other visualization tools), DAX programming, API, Data Model, SQL, Story Telling and wireframe design · Business Analyst skills: business knowledge, data profiling, basic data model design, data analysis, requirement analysis, SQL programing · Basic knowledge in Data Lake/Data Warehousing/ Big data tools, Apache Spark, RDBMS and NoSQL, Knowledge Graph · Experience working in a Singapore public sector, client-facing/consulting environment is a plus · Team player, analytical and problem-solving skills Education Qualifications Bachelor’s degree in computer science or other relevant fields. Equivalent combination of Education and experience will also suffice.",-1,0.3670218355172912,11,22.916666666666664
"Assistant Director (RTO), A*STAR","Research Trust Office is a data sharing and analytics platform that supports the secure use of research and
real-world datasets to enable health research data analytics, so as to improve health outcomes for Singapore and support data-driven innovation. JOB OVERVIEW We are looking for a strategic, collaborative and nurturing leader to lead research enablement as one of the
three key teams under Research Trust Office Operations. You will play a key role in improving user experience, supporting platform functionality design & enhancement, and use case onboarding. As the Research Enablement lead, you will champion the use of the Research Trust Office platform for health
research analysis and proactively engage users consisting of researchers from public and private research  cosystem (e.g. universities, research institutions, public health care institutions, industries etc.) to uplift their
proficiency in navigating the platform, and perform health and biomedical research data analysis. As user advocate, you will play a critical role in analysing users’ needs, and coupled with domain knowledge of
health research analysis, provide critical insights to guide the enhancement of platform design and development of the platform roadmap. Operationally, you will also work closely with the sub-teams within Research Trust Office and appointed service
providers to address user queries for efficient resolution. JOB RESPONSIBILITIES Use Case Onboarding Lead training activities including the training materials development such as demo data, data science notebooks and videos, as well as delivering the training. Support user manual and help content development. Apply domain knowledge to support the quality assurance process of data release. User Feedback and Guide Platform Roadmap 4.  Lead engagement with research users to understand the needs and issues while using the Research Trust Office platform. 5. Work cross-functionally with different team members to perform user feedback review and provide report to support the solution development and upgrade. 6. Design and prototype solutions to demonstrate the usage scenarios using the Research Trust Office platform and genomics tools available on the platform. User Support 7. Respond to and follow-up users’ requests related to platform usage and resources, analyse, and map the requests to the features supported by the Research Trust Office platform. JOB REQUIREMENTS Minimum degree in Bioinformatics, Biomedical informatics, or related field with strong computational and statistical foundation required. Advanced degree (Master's/PhD) in relevant discipline is advantageous. At least 7–10 years of experience in bioinformatics, biomedical data science, or related fields, with demonstrated expertise in artificial intelligence, multi-omics analysis, and large-scale data processing. Strong background in clinical or pharmaceutical data analytics preferred. Strong proficiency in Python programming for data science and analytics; R for statistical analysis and modelling; Shell scripting and CLI tools. Extensive experience (minimum 5 years) with statistical analysis, predictive modelling, data mining techniques, and/or in applying statistical and machine learning techniques in healthcare research. Knowledge of Core AWS services and solutions. AWS certification is advantageous. Knowledge of the following will be highly regarded: Genomics research & genomics analysis tools, statistical software packages including STATA, SPSS, and MATLAB. Exceptional interpersonal and communication abilities with demonstrated experience in stakeholder engagement, professional presentations, and collaborative team environments.",-1,0.319859586848861,7,14.583333333333334
Senior Data Scientist,"About Scientific Infra Scientific Infra is a provider of market indices, benchmarks and valuation analytics for investors in unlisted infrastructure equity and private debt. EDHECinfra maintains the infraMetrics® platform: an online information system that gives access to key market indices including the infra300® and infra100® series. InfraMetrics® also includes a wealth of valuation data and analytics, risk metrics, a fund strategy analysis tool providing robust performance quartiles for any segment, strategy or vintage, and peer group analyses allowing investors to compare themselves against comparable segments of the market. Responsibilities: • The successful applicant will be responsible for the development of model pipeline tools to convert unstructured financial and textual data into structured data formats • Liaise with the production team to implement and maintain the developed models. • Providing ongoing analysis and commentary of the investment outlook of an infrastructure sector. • Work closely with the Head of Data to develop other data products as necessary. Skills and Qualifications: This is an opportunity for a candidate with: • 3-4 years professional experience • Work experience in building and deploying applications and machine learning technology • Familiar with different programming/statistics language • Knowledge in big data processing framework and cloud services (e.g. Spark, MongoDB, AWS) • Knowledge of the data collection methodologies and its tools in industry scenario (e.g. Prodigy, Amazon MTuck) • Knowledge of machine learning techniques and applications (including image processing, natural language processing, Python, R, MySQL) • Knowledge of XBRL/iXBRL is desirable • Familiar with web technologies (i.e. Javascript, HTML-CSS) • Degree in Computer Science, IT, or similar field; Master - is a plus • Data engineering certification (e.g. IBM) - is a plus This is a full-time, permanent position. Remuneration is competitive and includes a bonus for meeting performance objectives. Attractive salary and bonus, healthcare and pension plan coverage. Flexible work is available, but with an expectation of a minimum three days in the office. The salary will be determined according to EDHEC's pay scale, the candidate's qualifications and experience. A work pass is necessary. Flexible work is available, but with an expectation of a minimum three days in the office. To apply for this offer, please send a CV and a cover letter to: recruitment@edhec-dbd.com. To know more about Scientifc Infra: https://edhec.infrastructure.institute/mission",-1,0.3029290588516369,6,12.5
